"UniqueID","Transect","TreeID","species","status_2026_03","Description","meas_date","time_str","height_cm","start.time","CO2_best.flux","CO2_model","CO2_quality.check","CO2_LM.flux","CO2_LM.r2","CO2_LM.p.val","CO2_LM.RMSE","CO2_HM.flux","CO2_HM.r2","CO2_HM.RMSE","CO2_LM.diagnose","CO2_HM.diagnose","CO2_nb.obs","CO2_flux.term","CO2_MDF","CO2_g.fact","CH4_best.flux","CH4_model","CH4_quality.check","CH4_LM.flux","CH4_LM.r2","CH4_LM.p.val","CH4_LM.RMSE","CH4_HM.flux","CH4_HM.r2","CH4_HM.RMSE","CH4_LM.diagnose","CH4_HM.diagnose","CH4_nb.obs","CH4_flux.term","CH4_MDF","CH4_g.fact","Area_cm2","Vtot_L","Tcham_C","Pcham_kPa"
"T-E20_50cm","E","T-E20","Macucú","special","rotten",2026-05-23,"22:05",50,2026-05-23 22:05:00,1.56950559271311,"HM","",1.48043486921037,0.999596461016991,7.58654272206667e-301,1.8424183358603,1.56950559271311,0.999833429342804,1.18370845345331,"","",178,0.82722410722485,0.016265642557792,1.06016524289937,12.956568391296,"HM","",12.1627920005759,0.999620707301836,3.24989687078645e-303,14.6747758872699,12.956568391296,0.999896821036798,7.65384769972536,"Noise (LM.MAE)","Noise (HM.MAE)",178,0.82722410722485,0.00278839586705005,1.06526267905284,600,1.26350382616539,28,101.3
"T-E20_80cm","E","T-E20","Macucú","special","rotten",2026-05-23,"21:58",80,2026-05-23 21:58:00,1.66902504766503,"HM","",1.02447994623204,0.62802281310699,7.94057322485677e-56,69.1405732950405,1.66902504766503,0.63936922587963,68.0779101704859,"Noise (LM.MAE)","Noise (HM.MAE)",252,0.826930021697046,0.0114851391902368,1.62914369754487,9.0559133753268,"HM","",8.4281485521685,0.993875054738877,7.49749745336317e-279,58.0875345235307,9.0559133753268,0.994249714479111,56.2829098343652,"Noise (LM.MAE)","Noise (HM.MAE)",252,0.826930021697046,0.00196888100404059,1.07448430924925,600,1.26350382616539,28,101.3
"T-E20_160cm","E","T-E20","Macucú","special","rotten",2026-05-23,"21:52",160,2026-05-23 21:52:00,0.770408980445427,"LM","MAE | AICc",0.770408980445427,0.225366572615384,8.94407389882108e-15,115.576112163794,0.772069019896598,0.225308753026811,115.580467109293,"Noise (LM.MAE)","Noise (HM.MAE)",234,0.826920894173255,0.0123684749128478,1.00215475090933,1.62479664667944,"LM","MAE | AICc",1.62479664667944,0.922818859887284,2.95498279485862e-131,38.2949741881011,1.63423672065005,0.922633125030759,38.3414318414464,"Noise (LM.MAE)","Noise (HM.MAE)",234,0.826920894173255,0.00212030998505963,1.00581000335636,600,1.26350382616539,28,101.3
"T-E20_500cm","E","T-E20","Macucú","special","rotten",2026-05-23,"21:34",500,2026-05-23 21:34:00,0.886989618365417,"HM","",0.767707442343009,0.997845483101928,0,7.19906459402588,0.886989618365417,0.999286734539471,4.14215851753042,"Noise (LM.MAE)","",579,0.827510387539785,0.00500222168633722,1.15537452087004,0.101841728718863,"HM","",0.082346559775191,0.996523724592886,0,0.98151116146211,0.101841728718863,0.999646616801018,0.312940018247642,"Noise (LM.MAE)","",579,0.827510387539785,0.000857523717657809,1.23674539649129,600,1.26350382616539,28,101.3
"T-E20_900cm","E","T-E20","Macucú","special","rotten",2026-05-23,"21:03",900,2026-05-23 21:03:00,0.75955455874361,"HM","",0.665705233471632,0.998222454226797,0,6.40482998509687,0.75955455874361,0.999432915903882,3.61760331793856,"Noise (LM.MAE)","",654,0.827416785477694,0.00442807148191426,1.14097729828945,0.0712140269444356,"HM","",0.0538219219149095,0.992267805863868,0,1.08323587004018,0.0712140269444356,0.997669007347771,0.594760489489783,"Noise (LM.MAE)","",654,0.827416785477694,0.00075909796832816,1.32314165698175,600,1.26350382616539,28,101.3
"T-N62_40cm","N","T-N62","Piranhieira","basic",NA,2026-05-25,"16:13",40,2026-05-25 16:13:00,1.97320323428858,"LM","MAE | AICc",1.97320323428858,0.959711358420369,2.5298721170284e-237,47.8744376116172,1.99975156873995,0.959639093697429,47.9176675195105,"Noise (LM.MAE)","Noise (HM.MAE)",339,0.825136779791806,0.00851911129578561,1.01345443489552,135.757645742536,"LM","MAE | AICc",135.757645742536,0.998238571924822,0,675.330381567618,137.319685480903,0.998119916455151,697.725531794211,"Noise (LM.MAE)","Noise (HM.MAE)",339,0.825136779791806,0.00146041907927753,1.01150609035553,600,1.26350382616539,28,101.3
"T-N62_80cm","N","T-N62","Piranhieira","basic",NA,2026-05-25,"16:05",80,2026-05-25 16:05:00,1.87344896528538,"HM","",1.76850978072655,0.999390410030429,0,5.85976441418294,1.87344896528538,0.999617459113787,4.64194702262732,"Noise (LM.MAE)","Noise (HM.MAE)",384,0.825181921544164,0.00752118938907441,1.05933763313185,7.13804997167719,"LM","MAE | AICc",7.13804997167719,0.999397588240048,0,23.5114023109331,7.21288371415672,0.999298340547632,25.3938845128668,"Noise (LM.MAE)","Noise (HM.MAE)",384,0.825181921544164,0.00128934675241276,1.01048377957236,600,1.26350382616539,28,101.3
"T-N62_160cm","N","T-N62","Piranhieira","basic",NA,2026-05-25,"15:56",160,2026-05-25 15:56:00,1.59091958641125,"HM","",1.48810009139639,0.99917015822156,0,5.7080441816603,1.59091958641125,0.99947573254384,4.53697230352926,"Noise (LM.MAE)","Noise (HM.MAE)",381,0.825245047406685,0.00758099124914278,1.069094475304,0.404765329657633,"LM","MAE | AICc",0.404765329657633,0.999373866269544,0,1.34849779433292,0.409721859187461,0.99926265775654,1.464201497413,"Noise (LM.MAE)","Noise (HM.MAE)",381,0.825245047406685,0.00129959849985305,1.01224543992941,600,1.26350382616539,28,101.3
"T-N62_500cm","N","T-N62","Piranhieira","basic",NA,2026-05-25,"12:37",500,2026-05-25 12:37:00,1.44138084269796,"HM","",1.3379735973168,0.999117913449894,0,7.27879611234482,1.44138084269796,0.999501319019957,5.47287282691362,"Noise (LM.MAE)","Noise (HM.MAE)",525,0.826966551388312,0.00551311034258875,1.07728646184688,0.00161231261151828,"LM","g-fact. > 2",0.00161231261151828,0.557534356162194,7.06202076332708e-95,0.262778442673906,0.00388728753930339,0.714879708703878,0.210942466699356,"","Exaggerated curvature (g-fact)",525,0.826966551388312,0.000945104630158071,2.41100113683463,600,1.26350382616539,28,101.3
"T-N62_900cm","N","T-N62","Piranhieira","basic",NA,2026-05-25,"12:18",900,2026-05-25 12:18:00,0.864910388717591,"HM","",0.842716960554868,0.999614183794675,0,2.19332142375508,0.864910388717591,0.99965961110298,2.06015426121924,"","",380,0.826934336247637,0.00761650046543876,1.02633556603407,0.00108520931974966,"LM","HM.flux is NA",0.00108520931974966,0.108438052607208,2.7777838008153e-11,0.407835321353655,NA,NA,NA,"MDF (LM)","HM.flux is NA",380,0.826934336247637,0.00130568579407522,NA,600,1.26350382616539,28,101.3
"T-NE14_50cm","NE","T-NE14","Ingá","basic",NA,2026-05-23,"20:40",50,2026-05-23 20:40:00,1.40783234950649,"HM","",1.19865865527561,0.997197229878326,0,9.35211313524432,1.40783234950649,0.998955083043186,5.71027338291091,"Noise (LM.MAE)","Noise (HM.MAE)",422,0.826783379801244,0.00685720812631363,1.17450647297315,31.2785553419806,"HM","",29.9804446015555,0.999270721517637,0,119.194242827251,31.2785553419806,0.999394418316184,108.616285085015,"Noise (LM.MAE)","Noise (HM.MAE)",422,0.826783379801244,0.00117552139308234,1.0432985820483,600,1.26350382616539,28,101.3
"T-NE14_80cm","NE","T-NE14","Ingá","basic",NA,2026-05-23,"17:59",80,2026-05-23 17:59:00,1.11897426947881,"LM","MAE | AICc",1.11897426947881,0.999448446049553,0,6.48827740664513,1.13330177955177,0.999359207457074,6.99699616885201,"Noise (LM.MAE)","Noise (HM.MAE)",708,0.827445059245733,0.0040904769877967,1.01280414613969,6.27874660072238,"LM","MAE | AICc",6.27874660072238,0.99897343017783,0,49.6804586228465,6.3481210320059,0.998849775756595,52.6090826929534,"Noise (LM.MAE)","Noise (HM.MAE)",708,0.827445059245733,0.000701224626479434,1.01104908920445,600,1.26350382616539,28,101.3
"T-NE14_160cm","NE","T-NE14","Ingá","basic",NA,2026-05-23,"20:29",160,2026-05-23 20:29:00,0.995146274670059,"HM","AICc",0.980242706150303,0.922886560635251,1.40281504251202e-275,48.6951388886293,0.995146274670059,0.922856458737512,48.7047439620887,"Noise (LM.MAE)","Noise (HM.MAE)",493,0.82720968193732,0.00587268536872337,1.01520395757729,0.346214686325749,"LM","MAE | AICc",0.346214686325749,0.952891039517137,0,13.2297548145024,0.350829186735091,0.952802918972495,13.2421331012072,"Noise (LM.MAE)","Noise (HM.MAE)",493,0.82720968193732,0.00100674606320972,1.01332843634773,600,1.26350382616539,28,101.3
"T-NE14_500cm","NE","T-NE14","Ingá","basic",NA,2026-05-23,"19:58",500,2026-05-23 19:58:00,0.827893658550235,"HM","",0.680252266672738,0.996854500983255,5.48152613212816e-290,3.08634391597619,0.827893658550235,0.999582985274345,1.12376431542901,"","",232,0.827375884151539,0.0124819637695275,1.21703917665669,0.509880367227658,"HM","",0.451355882517565,0.99887269655569,0,1.22470584140816,0.509880367227658,0.999890901841976,0.38099570634959,"Noise (LM.MAE)","",232,0.827375884151539,0.00213976521763329,1.12966372429591,600,1.26350382616539,28,101.3
"T-NE14_900cm","NE","T-NE14","Ingá","basic",NA,2026-05-23,"18:55",900,2026-05-23 18:55:00,0.558309539284288,"LM","MAE | AICc",0.558309539284288,0.825025245853881,1.86177651515986e-262,61.7342840891584,0.564341788786396,0.824938421779048,61.7497151298894,"Noise (LM.MAE)","Noise (HM.MAE)",689,0.827652577712279,0.00420433094628879,1.01080448940536,0.17328198993501,"HM","AICc",0.171294468848296,0.862109970371252,5.34467126395717e-298,16.4491015232796,0.17328198993501,0.862027195693515,16.4540724784795,"Noise (LM.MAE)","Noise (HM.MAE)",689,0.827652577712279,0.000720742447935221,1.01160294958779,600,1.26350382616539,28,101.3
"T-NW46a_40cm","NW","T-NW46a","Mata Mata folha miuda","basic",NA,2026-05-24,"19:29",40,2026-05-24 19:29:00,0.864337507331549,"HM","AICc",0.853532051502815,0.999222622413307,0,2.74941684799162,0.864337507331549,0.999129454920123,2.91066879290288,"","",331,0.826113993976405,0.00873534434718253,1.01265969544988,35.491314265312,"LM","MAE | AICc",35.491314265312,0.999540097672108,0,87.9206441596598,36.0159079993674,0.999476275308152,93.879227609274,"Noise (LM.MAE)","Noise (HM.MAE)",331,0.826113993976405,0.00149748760237415,1.01478090470626,600,1.26350382616539,28,101.3
"T-NW46a_80cm","NW","T-NW46a","Mata Mata folha miuda","basic",NA,2026-05-24,"19:37",80,2026-05-24 19:37:00,0.879461715382068,"HM","AICc",0.865518818183488,0.999886536251787,0,1.12849630494509,0.879461715382068,0.999885121760984,1.13590367698191,"","",351,0.826652394339417,0.00824297259312808,1.01610929410852,5.81306450633146,"LM","MAE | AICc",5.81306450633146,0.999568620226654,0,14.7808343828085,5.88453739004347,0.99946258869098,16.4990816506485,"Noise (LM.MAE)","Noise (HM.MAE)",351,0.826652394339417,0.00141308101596481,1.01229521599737,600,1.26350382616539,28,101.3
"T-NW46a_160cm","NW","T-NW46a","Mata Mata folha miuda","basic",NA,2026-05-24,"19:45",160,2026-05-24 19:45:00,0.791018129475888,"HM","",0.599975527976932,0.992330432942237,0,6.01446830401967,0.791018129475888,0.997798079176506,3.22264647042952,"Noise (LM.MAE)","",327,0.826563829327699,0.00884701346375213,1.31841732302505,0.335243679851784,"HM","",0.264473633747487,0.993003951949022,0,2.53127992968465,0.335243679851784,0.99695530315541,1.66988211150482,"Noise (LM.MAE)","Noise (HM.MAE)",327,0.826563829327699,0.00151663087950036,1.26758828508352,600,1.26350382616539,28,101.3
"T-NW46a_500cm","NW","T-NW46a","Mata Mata folha miuda","basic",NA,2026-05-24,"19:11",500,2026-05-24 19:11:00,0.366580203653463,"HM","",0.345900184570823,0.998372981310833,3.42180905801101e-299,1.04549725763226,0.366580203653463,0.998607703420314,0.967147036304894,"","",215,0.826993617014025,0.0134626867886004,1.05978608860328,0.00782052477588531,"HM","",0.00401985881775472,0.558696641933474,6.44407183648792e-40,0.267002459320837,0.00782052477588531,0.583819778802814,0.259290952953963,"","",215,0.826993617014025,0.00230788916376007,1.94547249802505,600,1.26350382616539,28,101.3
"T-NW46a_1000cm","NW","T-NW46a","Mata Mata folha miuda","basic",NA,2026-05-24,"18:47",1000,2026-05-24 18:47:00,0.341433645439946,"HM","",0.331486973625489,0.999392376878162,0,0.689224589739344,0.341433645439946,0.999452261573877,0.654380309015488,"","",242,0.826746603880689,0.0119570789817455,1.03000622228279,0.00612382935406884,"LM","g-fact. > 2",0.00612382935406884,0.771027215194696,5.30174856366424e-79,0.281227936674307,0.0194585881913291,0.862270547664375,0.218112189668314,"","Exaggerated curvature (g-fact)",242,0.826746603880689,0.00204978496829923,3.17751966396652,600,1.26350382616539,28,101.3
"T-S14b_40cm","S","T-S14b","Ripeira","basic",NA,2026-05-24,"16:36",40,2026-05-24 16:36:00,2.88939244479683,"HM","",2.69393058732664,0.999482118829024,0,5.29468522352724,2.88939244479683,0.999821055124694,3.11232339895556,"Noise (LM.MAE)","",248,0.827465604481306,0.0116779419987281,1.07255638225785,116.103133818769,"LM","MAE | AICc",116.103133818769,0.999591689072239,0,202.606987940012,117.810877456107,0.999561163588366,210.101051858315,"Noise (LM.MAE)","Noise (HM.MAE)",248,0.827465604481306,0.00200193291406767,1.01470885049497,600,1.26350382616539,28,101.3
"T-S14b_80cm","S","T-S14b","Ripeira","basic",NA,2026-05-24,"16:30",80,2026-05-24 16:30:00,2.10616291704717,"HM","AICc",2.07401783444087,0.999720842348855,0,3.43919753746473,2.10616291704717,0.999709293202564,3.51055778733451,"","",285,0.827610815861618,0.0101636415983006,1.01549894223304,4.23205581096285,"LM","MAE | AICc",4.23205581096285,0.99989614035852,0,4.28012767515254,4.28529805929705,0.999841049629713,5.30202232943363,"Noise (LM.MAE)","Noise (HM.MAE)",285,0.827610815861618,0.00174233855970867,1.01258070562214,600,1.26350382616539,28,101.3
"T-S14b_160cm","S","T-S14b","Ripeira","basic",NA,2026-05-24,"16:21",160,2026-05-24 16:21:00,1.71956332345349,"HM","",1.67013160761925,0.999490882429803,0,4.68688599799646,1.71956332345349,0.999548422076348,4.41409523161119,"Noise (LM.MAE)","",357,0.827657558530358,0.00811428978951332,1.02959749735214,0.101081939321599,"HM","",0.0706696031245393,0.981041727847887,5.28539971463224e-308,1.22149272075155,0.101081939321599,0.989557997087729,0.906532568800945,"Noise (LM.MAE)","Noise (HM.MAE)",357,0.827657558530358,0.00139102110677371,1.43034536565127,600,1.26350382616539,28,101.3
"T-S14b_500cm","S","T-S14b","Ripeira","basic",NA,2026-05-24,"16:02",500,2026-05-24 16:02:00,0.999005420969129,"HM","AICc",0.98320824195696,0.91024004956646,0,70.2222012640174,0.999005420969129,0.910233798902918,70.2246864001505,"Noise (LM.MAE)","Noise (HM.MAE)",653,0.828114347090059,0.00443859144688393,1.01606697171367,0.00843852424200763,"HM","AICc",0.00843274330141856,0.010997990742934,0.00420685788074258,17.0511164106118,0.00843852424200763,0.0109937692698157,17.0511531892572,"Noise (LM.MAE)","Noise (HM.MAE)",653,0.828114347090059,0.000760901390894388,1.00068553498932,600,1.26350382616539,28,101.3
"T-S14b_1000cm","S","T-S14b","Ripeira","basic",NA,2026-05-24,"15:39",1000,2026-05-24 15:39:00,1.0921705854198,"HM","",0.784088621215341,0.991386198256042,0,15.7233548285648,1.0921705854198,0.998899898336411,5.61906673542828,"Noise (LM.MAE)","Noise (HM.MAE)",618,0.828586660875048,0.0046926429013959,1.3929172747424,0.0204148348046437,"LM","g-fact. > 2",0.0204148348046437,0.890932077074346,8.4263632436328e-299,1.53651262598904,0.0680771564034986,0.988969283226578,0.488640521534684,"Noise (LM.MAE)","Exaggerated curvature (g-fact)",618,0.828586660875048,0.000804453068810726,3.33469053533626,600,1.26350382616539,28,101.3
"T-SE58_40cm","SE","T-SE58","Caijurana","basic",NA,2026-05-24,"21:27",40,2026-05-24 21:27:00,0.844343426624836,"HM","AICc",0.831430434934482,0.999798377370029,0,1.22777686986956,0.844343426624836,0.999778047404721,1.28871321248017,"","",298,0.825867876299756,0.00969979049345352,1.01553105485172,42.5866676171901,"HM","",41.8875659069481,0.999895461503589,0,44.5375298827171,42.5866676171901,0.9999028685821,42.9539905294188,"Noise (LM.MAE)","Noise (HM.MAE)",298,0.825867876299756,0.00166282122744917,1.01668995786948,600,1.26350382616539,28,101.3
"T-SE58_80cm","SE","T-SE58","Caijurana","basic",NA,2026-05-24,"21:19",80,2026-05-24 21:19:00,0.628437289554812,"HM","",0.559107229502066,0.998620875427407,0,2.27625718553772,0.628437289554812,0.999568879143442,1.27267964513271,"","",314,0.82606876105957,0.00920777281435826,1.12400136573889,17.8703062216262,"HM","",16.27996374095,0.999269488747773,0,48.222621874781,17.8703062216262,0.999865992076839,20.6539253375001,"Noise (LM.MAE)","Noise (HM.MAE)",314,0.82606876105957,0.00157847533960427,1.09768710213254,600,1.26350382616539,28,101.3
"T-SE58_160cm","SE","T-SE58","Caijurana","basic",NA,2026-05-24,"21:11",160,2026-05-24 21:11:00,0.756311167203986,"HM","AICc",0.743739069901918,0.999659941564954,0,1.59632241529828,0.756311167203986,0.999618354115774,1.69194309088393,"","",335,0.826053027093188,0.0086562442958867,1.01690390865674,16.7012195234291,"HM","",15.8312116856494,0.999471993615989,0,42.3445664211537,16.7012195234291,0.999664525742896,33.752636595089,"Noise (LM.MAE)","Noise (HM.MAE)",335,0.826053027093188,0.00148392759358058,1.0549552273733,600,1.26350382616539,28,101.3
"T-SE58_500cm","SE","T-SE58","Caijurana","basic",NA,2026-05-24,"20:51",500,2026-05-24 20:51:00,0.994294349657084,"HM","",0.579390776613428,0.976188715584369,7.03296955837769e-150,5.80086221432164,0.994294349657084,0.996249393891037,2.30224674186931,"Noise (LM.MAE)","",184,0.82623871464943,0.0157164972895272,1.71610317214366,0.527912688401838,"HM","",0.490774403747276,0.999608089557028,3.42642130019681e-312,0.622996160820015,0.527912688401838,0.999973746130587,0.161245874784827,"","",184,0.82623871464943,0.00269425667820466,1.07567282313624,600,1.26350382616539,28,101.3
"T-SE58_800cm","SE","T-SE58","Caijurana","basic",NA,2026-05-24,"20:27",800,2026-05-24 20:27:00,0.397650583639259,"HM","",0.37802084598175,0.997900875264092,0,2.55574132278571,0.397650583639259,0.99807087684055,2.45006580613104,"","",422,0.825424579230696,0.00684593845333516,1.05192765919173,0.0350095996346575,"HM","",0.0332932270326425,0.99647844890923,0,0.291752052395596,0.0350095996346575,0.99665002998629,0.284555761208753,"","",422,0.825424579230696,0.00117358944914317,1.05155320631227,600,1.26350382616539,28,101.3
"T-SW27_40cm","SW","T-SW27","Biorana","special",NA,2026-05-25,"15:38",40,2026-05-25 15:38:00,0.766852525245239,"HM","",0.744743929269924,0.999771801589412,0,0.92129132867933,0.766852525245239,0.999829980332636,0.795225425210884,"","",235,0.826721022446747,0.0123128662917601,1.02968617145626,2.0150044418445,"LM","MAE | AICc",2.0150044418445,0.999112764405953,0,4.91667799167529,2.0359516269772,0.999011023049069,5.19284432383939,"Noise (LM.MAE)","Noise (HM.MAE)",235,0.826721022446747,0.00211077707858744,1.01039560246008,600,1.26350382616539,28,101.3
"T-SW27_80cm","SW","T-SW27","Biorana","special",NA,2026-05-25,"15:31",80,2026-05-25 15:31:00,0.657665192464915,"HM","",0.646933039487754,0.999937581997998,0,0.617355442196495,0.657665192464915,0.999944350807525,0.583475533390519,"","",346,0.825744771879194,0.00835290954213057,1.01658927944948,0.0357341362811466,"HM","AICc",0.0351734809102373,0.994969027596942,0,0.3020931356305,0.0357341362811466,0.994962045564254,0.302305996165469,"","",346,0.825744771879194,0.00143192735007953,1.01593971811718,600,1.26350382616539,28,101.3
"T-SW27_160cm","SW","T-SW27","Biorana","special",NA,2026-05-25,"15:22",160,2026-05-25 15:22:00,0.607033656954261,"HM","",0.542242280044979,0.998932894770791,0,2.25094435840284,0.607033656954261,0.99981043428125,0.948726511017011,"","",364,0.826177836374677,0.00794401765744882,1.11948787339841,0.0219910292766281,"HM","",0.0149633693691883,0.908852927086541,1.37862277811995e-190,0.601769988496306,0.0219910292766281,0.916832300979983,0.574826133911545,"","",364,0.826177836374677,0.0013618315984198,1.46965758406731,600,1.26350382616539,28,101.3
"T-SW27_500cm","SW","T-SW27","Biorana","special",NA,2026-05-25,"11:44",500,2026-05-25 11:44:00,0.66405433023667,"HM","",0.65277921360125,0.999786241223222,0,0.648156009582483,0.66405433023667,0.999798960265768,0.628710552376533,"","",195,0.826820036441174,0.0148403596284313,1.01727248110922,0.00185087697626085,"LM","HM.flux is NA",0.00185087697626085,0.452351774378835,2.99026185077319e-27,0.137861948179689,NA,NA,NA,"MDF (LM)","HM.flux is NA",195,0.826820036441174,0.00254406165058823,NA,600,1.26350382616539,28,101.3
"T-SW27_850cm","SW","T-SW27","Biorana","special",NA,2026-05-25,"11:20",850,2026-05-25 11:20:00,0.614398131607683,"HM","",0.534667975429344,0.998121684759915,0,3.40429905174778,0.614398131607683,0.99944871868323,1.84429377257863,"","",421,0.827028746009957,0.00687553589319442,1.14912087471541,0.271659006175187,"HM","",0.239352922365011,0.998506867517825,0,1.35851242124094,0.271659006175187,0.999604898275016,0.698825758951619,"Noise (LM.MAE)","",421,0.827028746009957,0.00117866329597619,1.13497258980991,600,1.26350382616539,28,101.3
"T-W10_40cm","W","T-W10","Seringa Barriguda","basic",NA,2026-05-24,"14:34",40,2026-05-24 14:34:00,0.720606079622844,"HM","AICc",0.710039662214186,0.978359613173896,0,14.6816992808208,0.720606079622844,0.978340845857018,14.6881205466578,"Noise (LM.MAE)","Noise (HM.MAE)",399,0.827393479747668,0.00725783754164621,1.01488144672892,168.964269092447,"HM","",155.746689887014,0.999470307308304,0,498.503383401731,168.964269092447,0.999925723959916,186.672563183827,"Noise (LM.MAE)","Noise (HM.MAE)",399,0.827393479747668,0.00124420072142506,1.08486587557669,600,1.26350382616539,28,101.3
"T-W10_80cm","W","T-W10","Seringa Barriguda","basic",NA,2026-05-24,"14:26",80,2026-05-24 14:26:00,0.282151016693838,"HM","AICc",0.27850077548385,0.999529316798618,0,0.669335055549126,0.282151016693838,0.99944459704704,0.727639892782137,"","",318,0.827555931438249,0.00910832000010651,1.01310675420435,53.3376630054998,"HM","",52.5069112527421,0.999840587793692,0,73.4281643335204,53.3376630054998,0.999843477391295,72.7842554591283,"Noise (LM.MAE)","Noise (HM.MAE)",318,0.827555931438249,0.00156142628573254,1.01582176008714,600,1.26350382616539,28,101.3
"T-W10_160cm","W","T-W10","Seringa Barriguda","basic",NA,2026-05-24,"14:19",160,2026-05-24 14:19:00,0.23060036490105,"HM","AICc",0.227769542440788,0.998592478676055,0,0.893180309781088,0.23060036490105,0.998526334216282,0.914068918040325,"","",300,0.82773170081056,0.00965686984278987,1.01242845039739,31.5198201376126,"HM","",30.9939533467943,0.999920422807265,0,28.880165225303,31.5198201376126,0.999931944975833,26.7224995212112,"Noise (LM.MAE)","Noise (HM.MAE)",300,0.82773170081056,0.00165546340162112,1.01696675428701,600,1.26350382616539,28,101.3
"T-W10_400cm","W","T-W10","Seringa Barriguda","basic",NA,2026-05-24,"13:57",400,2026-05-24 13:57:00,0.492501902550613,"HM","AICc",0.486975443777742,0.997857745962362,0,2.33076092784941,0.492501902550613,0.997783089491889,2.37132937647014,"","",297,0.828585718558114,0.00976447816482626,1.01134853685845,0.027652590106313,"HM","AICc",0.0272486782636276,0.990837240268595,7.09150796635725e-303,0.270670994934058,0.027652590106313,0.990798598039654,0.271245554034756,"","",297,0.828585718558114,0.00167391054254164,1.01482317192701,600,1.26350382616539,28,101.3
"T-W10_850cm","W","T-W10","Seringa Barriguda","basic",NA,2026-05-24,"13:29",850,2026-05-24 13:29:00,0.685639133897567,"HM","AICc",0.679803786349996,0.997968727693676,0,3.88459181935703,0.685639133897567,0.99781506853477,4.03005248356825,"","",364,0.828462151499129,0.00796598222595316,1.00858387032368,0.0104070765154657,"LM","g-fact. > 2",0.0104070765154657,0.903825865709787,2.29485468878045e-186,0.429921620086178,0.0221046411548925,0.944774915639819,0.325782938911616,"","Exaggerated curvature (g-fact)",364,0.828462151499129,0.00136559695302054,2.12400102200107,600,1.26350382616539,28,101.3
